,SITE,LOC,nzreach,CATCHAREA,GaugeNumber,LargestLakeInletNZREACH
1,1,Waitohu Stream at Water Supply Intake,9000886,19200000,1,NA
1014623,1014623,Cookson's Wash at SH30 Culvert,4010898,11160000,1014623,NA
1014638,1014638,Sewage Bypass at Rotorua Treat,4012919,794700,1014638,NA
1014641,1014641,Ngongotaha at SH5 Br -Ratings,4010487,72910648,1014641,NA
1014642,1014642,Sewage Outflow at Rotorua Trea,4012919,794700,1014642,NA
1014643,1014643,Fenton St Drain at Lake Front,4010790,82114128,1014643,NA
1014645,1014645,Pomare at Diana Place -Ratings,4012734,361800,1014645,NA
1014646,1014646,Te Ngae Drain at Te Ngae Rd -R,4012919,794700,1014646,NA
1014647,1014647,Utuhina at Hunts Farm -Ratings,4013243,7390935,1014647,NA
1014648,1014648,Waipa at Whaka Forest -Ratings,4014506,10980900,1014648,NA
1014649,1014649,Mangakakahi at Pukehangi Rd Br,4012477,6878700,1014649,NA
1032563,1032563,Mangaore at Downstream PS -Ra*,7045147,23527800,1032563,NA
1043419,1043419,Pokaiwhenua at Puketurua -Rive,3023849,431288256,1043419,NA
1043427,1043427,Mangakino at Dillon Rd -River,3034939,341495936,1043427,NA
1043428,1043428,Tahunaatara at Ohakuri Rd -Riv,3032287,196152912,1043428,NA
1043434,1043434,Mangakara at Hirsts -River lev,3037027,22315500,1043434,NA
1043459,1043459,Tongariro at Turangi -River le,3048532,784152064,1043459,NA
1043461,1043461,Tongariro at upper dam-river l,3050479,179982528,1043461,NA
1043464,1043464,Poutu at Footbridge -River lev,3049385,146743136,1043464,NA
1043465,1043465,Oturere at Desert Rd -River l*,3050191,27347416,1043465,NA
1043466,1043466,Waihohonu at Desert Rd -River,3050421,96062584,1043466,NA
1043476,1043476,Otutira at Otutaru -Ratings,3042529,1097100,1043476,NA
1043494,1043494,Little Waipa at Puketurua -Riv,3024144,101944768,1043494,NA
1114609,1114609,Kaituna at Taaheke -River leve,4007818,627586048,1114609,NA
1114616,1114616,Utuhina Springs at Rockface -R,4013407,31695214,1114616,NA
1143407,1143407,Purukohukohu at Weir. -River l,3036522,3756600,1143407,NA
1143408,1143408,Purukohukohu at Puruorakau -Ra,3035848,722700,1143408,NA
1143409,1143409,Purukohukohu at Puruki -Rating,3036104,371700,1143409,NA
1143427,1143427,Te Tahi at Puketotara -Ratings,3023350,3194100,1143427,NA
1143428,1143428,Ohote at Rotokauri -Ratings,3017416,18524700,1143428,NA
1143442,1143442,Purukohukohu at Purutaka -Rive,3035848,722700,1143442,NA
1143444,1143444,Waikato at Reids Farm -River l,3043220,3445102080,1143444,NA
12,12,Hutt River at Kaitoke Weir,9.00E+06,86800000,12,NA
1243461,1243461,Whareroa at Fish Trap -Ratings,3047049,59351400,1243461,NA
13,13,Hutt River at Te Marua,9009042,1.91E+08,13,NA
1313,1313,Tarawhataroa at Pukepoto Rd -R,1004176,23492700,1313,NA
1314,1314,Awanui at Waikuruki -Ratings,1003890,236355344,1314,NA
1316,1316,Awanui at School Cut -Ratings,1004260,220418160,1316,NA
1330,1330,Awanui at Slackline -Ratings,1003666,314201760,1330,NA
13901,13901,Mangawhai at Omokoroa -River l,4000893,2942100,13901,NA
14,14,Hutt River at Taita Gorge,9010876,5.56E+08,14,NA
1443423,1443423,Purukohukohu at Puruki-Rua -Ri,3036104,371700,1443423,NA
1443424,1443424,Purukohukohu at Puruki-Toru -R,3036104,371700,1443424,NA
1443433,1443433,Puruwai at Gorge -Ratings,3035874,641700,1443433,NA
1443434,1443434,Poutu at Dam Outlet -Ratings,3049415,148455824,1443434,NA
1443462,1443462,Mangahanene at SH1 -River leve,3021454,9481500,1443462,NA
1443463,1443463,Purukohukohu at Puruki-Tahi -R,3036104,371700,1443463,NA
14601,14601,Kaituna at Lake Rotoiti Outlet,4008095,624012160,14601,NA
14603,14603,Waiteti at Tauranga Direct Rd*,4010014,62448704,14603,NA
14604,14604,Awahou at Tauranga Direct Rd -,4009138,16418700,14604,NA
14607,14607,Waiohewa at SH30 Br -River lev,4010373,13848300,14607,NA
14625,14625,Puarenga at F.R.I Bridge -Rive,4013244,73399256,14625,NA
14692,14692,Hauraki at Fryer Rd -River lev,4008701,13623300,14692,NA
15341,15341,Tarawera at Lake Outlet Record,4014379,186881376,15341,NA
15408,15408,Rangitaiki at Murupara -River,4022486,1150124672,15408,NA
15410,15410,Whirinaki at Galatea -River le,4022892,507300864,15410,NA
15412,15412,Rangitaiki at Te Teko -River l,4009262,2883307008,15412,NA
15432,15432,Rangitaiki at Kopuriki -River,4019106,2250867968,15432,NA
1543412,1543412,Hinemaiaia at Maungatera D/S -,3047693,125384336,1543412,NA
1543443,1543443,Kuratau at Below Dam -River le,3047454,194184704,1543443,NA
1543475,1543475,Kuratau at Powerhouse -Ratings,3047408,188466992,1543475,NA
1543487,1543487,Te Waro at Puruhou -River leve,3036297,416700,1543487,NA
15514,15514,Whakatane at Whakatane -Ratin*,4008284,2502000,15514,NA
15534,15534,Wairere at Wainui Rd -River le,4006933,2862000,15534,NA
15802,15802,Waiotahi at McNabs Rd Br -Rive,4011137,103314608,15802,NA
15901,15901,Waioeka at Gorge Cableway -Riv,4016938,660269632,15901,NA
15916,15916,Waioeka at Amokura Rd -River l,4012141,780363136,15916,NA
16,16,Pakuratahi River at Truss Bridge,9010347,37200000,16,NA
16006,16006,Otara at Gault Rd(No 2)Br -Rat,4009666,319481152,16006,NA
16205,16205,Waiaua at Edwards -River level,4008687,92553312,16205,NA
16501,16501,Motu at Houpoto -River level,4005116,1376843776,16501,NA
16502,16502,Motu at Waitangirua -River lev,4016669,294147360,16502,NA
16503,16503,Motu at Mangaotane -River lev*,4012464,644242880,16503,NA
16511,16511,Takaputahi at Ngawhakatatara -,4013085,141273952,16511,NA
17,17,Mangaroa River at Te Marua,9009595,1.02E+08,17,NA
17101,17101,Raukokore at SH35 Br -River le,4001560,348753344,17101,NA
17301,17301,Tauranga at Maruhinemaka -Rive,4001179,4851900,17301,NA
18,18,Akatarawa River at Cemetery,9009342,1.14E+08,18,NA
18913,18913,Mangaheia at Willowbank -River,5008060,41083200,18913,NA
19,19,Whakatikei River at Dude Ranch,9009242,4.60E+07,19,NA
1903,1903,Oruru at Saleyards -Ratings,1003543,79993808,1903,NA
1909,1909,Peria at Honeymoon Valley -Rat,1004153,29279700,1909,NA
19716,19716,Waipaoa at Kanakanaia C/W -Riv,5010343,1566478208,19716,NA
19734,19734,Waikohu at No 1 Br -River leve,5009160,26521044,19734,NA
19778,19778,Gentle Annie at Weir -River le,5013108,3473100,19778,NA
19779,19779,McPhails Stm at Waingake Rd -R,5013465,4181400,19779,NA
19780,19780,Pouarua at Weir -River level,5012212,21465900,19780,NA
2,2,Mangaone Stream at Ratanui,9002333,9200000,2,NA
20,20,Waiwhetu Stream at Whites Line East,9012664,11600000,20,NA
2043418,2043418,Purukohukohu at Purutakaiti -R,3035848,722700,2043418,NA
20901,20901,Nuhaka at Nuhaka Valley Rd -R*,8013285,100425864,20901,NA
21,21,Wainuiomata River at Manuka Track,9013597,27100000,21,NA
21401,21401,Wairoa at Marumaru -Ratings,8008140,1797060992,21401,NA
21409,21409,Waiau at Otoi -Ratings,8009552,532628960,21409,NA
21410,21410,Waihi at Waihi -Ratings,8007063,50102100,21410,NA
21601,21601,Tahekenui at Glenstrae -River,8013808,22079700,21601,NA
21801,21801,Mohaka at Raupunga -River leve,8014348,2363425024,21801,NA
21803,21803,Mohaka at Glenfalls -River lev,8017355,1034210368,21803,NA
21812,21812,Mohaka at Willowflat -River le,8011586,2210776832,21812,NA
22,22,Wainuiomata River at Leonard Wood Park,9014214,77500000,22,NA
22802,22802,Esk at Waipunga Br -River leve,8021730,252408672,22802,NA
23,23,Orongorongo River at Upper Dam Site,9013501,7100000,23,NA
23001,23001,Tutaekuri at Puketapu -River l,8023736,786481600,23001,NA
23005,23005,Ngahere at Ngahere Weir -River,8019606,1009800,23005,NA
23008,23008,Ngahere at Sub-basin G/W -Rive,8019606,1009800,23008,NA
23102,23102,Ngaruroro at Fernhill -River l,8024783,1940581632,23102,NA
23103,23103,Ngaruroro at Whanawhana -River,8024064,1107274112,23103,NA
23104,23104,Ngaruroro at Kuripapango -Rive,8021350,385039616,23104,NA
23106,23106,Taruarau at Taihape Rd -River,8022300,262061072,23106,NA
23109,23109,Kaumatua at Faultline -River l,8025848,1818000,23109,NA
23150,23150,Ngaruroro at Chesterhope Br -R,8024658,2004308608,23150,NA
23201,23201,Tukituki at Red Br -Ratings,8026822,2457221632,23201,NA
23209,23209,Otane at Glendon -Ratings,8029479,23446800,23209,NA
23210,23210,Omakere at Fordale -Ratings,8031682,53103600,23210,NA
23218,23218,Makaroro at Burnt Br -Ratings,8028042,121230400,23218,NA
23701,23701,Pouhokio at Allens Br -River l,8028937,33391800,23701,NA
24,24,Orongorongo River at Truss Bridge,9014526,31700000,24,NA
25,25,Ruamahanga River at Mt Bruce,9000870,76500000,25,NA
25902,25902,Whareama at Waiteko -River lev,9006652,399657344,25902,NA
26,26,Ruamahanga River at Wardells,9007511,6.37E+08,26,NA
26502,26502,Kaiwhata at Stansborough -Rive,9012376,83822400,26502,NA
27303,27303,Pahaoa at Hinakura -River leve,9014825,563374080,27303,NA
28,28,Ruamahanga River at Waihenga Bridge,9012311,2.34E+09,28,NA
29,29,Waipoua River at Mikimiki Bridge,9003286,80500000,29,NA
29244,29244,Whangaehu at Waihi -River leve,9002949,37148712,29244,NA
29250,29250,Ruakokoputuna at Iraia -River,9016437,15645600,29250,NA
29259,29259,Pakaraka at Te Whiti -River le,9007346,268200,29259,NA
29808,29808,Hutt at Kaitoke -River level,9008427,86864400,29808,NA
29818,29818,Hutt at Birchville -River leve,9009572,426143552,29818,NA
29819,29819,Taita at Exotic -River level,9011554,348300,29819,NA
29835,29835,Taita at No 4 -River level,9011759,238500,29835,NA
3,3,Waikanae River at Water Treatment Plant,9004315,1.25E+08,3,NA
30,30,Te Mara Stream at Kiriwhakapapa,9002232,13400000,30,NA
3043407,3043407,Naike at Kaawa School Rd -Rat*,3012520,30108600,3043407,NA
3043448,3043448,Mangaotama at Waterfall -Rati*,3017718,2447100,3043448,NA
3043449,3043449,Kiripaka at Crump Weir -Rating,3017580,2904300,3043449,NA
3043451,3043451,Whakakai at Waterfall -Ratings,3017533,3093300,3043451,NA
3043459,3043459,Pukemanga at Weir -Ratings,3017694,1782000,3043459,NA
3043460,3043460,Pukemanga at Flume -River leve,3017694,1782000,3043460,NA
3043481,3043481,Waihi Stm at SH41 -River level,3047995,9841020,3043481,NA
30501,30501,Makara at No 1 -Ratings,9013000,366300,30501,NA
30504,30504,Makara at No 4 -Ratings,9012999,1350000,30504,NA
30507,30507,Makara at No 7 -River level,9013518,244800,30507,NA
30508,30508,Makara at No 8 -River level,9013518,244800,30508,NA
30510,30510,Makara at No 10 -River level,9012806,324000,30510,NA
30511,30511,Makara at No 11 -River level,9012806,324000,30511,NA
30516,30516,Mill Ck at Papanui -River leve,9011103,8896500,30516,NA
30802,30802,Pauatahanui at Gorge -River le,9010034,38521800,30802,NA
30902,30902,Horokiwi at Grenlo -River leve,9009035,29183400,30902,NA
31,31,Waingawa River at Kaituna,9004463,7.90E+07,31,NA
31503,31503,Waikanae at Akatarawa Rd Br -R,9004581,65612700,31503,NA
31803,31803,Otaki at Tuapaka -River level,9002154,308572896,31803,NA
31805,31805,Waiotauru at Swing Br -River l,9003744,78899392,31805,NA
31807,31807,Otaki at Pukehinau -River leve,9002382,305995328,31807,NA
32,32,Mangatarere Stream at Gorge,9005786,33300000,32,NA
32105,32105,Ohau at Water Race -River leve,7047444,102985008,32105,NA
32106,32106,Ohau at Rongomatane -River lev,7047475,104991104,32106,NA
32528,32528,Mangahao at D/S Dam No2 -River,7045909,82094640,32528,NA
32602,32602,Puke Puke at Lake Outlet -Rat*,7038757,91608336,32602,NA
32702,32702,Rangitikei at Mangaweka -Ratin,7027408,2678085376,32702,NA
32705,32705,Rangitikei at Otara -Ratings,7028864,2760342016,32705,NA
32708,32708,Rangitikei at Springvale -Rive,7019059,521490880,32708,NA
32715,32715,Porewa at Tututotara -River l*,7032286,110879072,32715,NA
32726,32726,Hautapu at Taihape -River leve,7024023,286584544,32726,NA
32732,32732,Moawhango at Waiouru -River l*,7017320,279736288,32732,NA
32734,32734,Mangaio at Waiouru -River leve,7014836,15040493,32734,NA
32735,32735,Rangitawa at Halcombe -River l,7034425,64174500,32735,NA
32747,32747,Forest Rd Drain at Drop Struct,7037046,4451400,32747,NA
32754,32754,Makohine at Viaduct -River lev,7028844,97118112,32754,NA
32767,32767,Hautapu at Alabaster's -River,7023817,278182176,32767,NA
33003,33003,Turakina at SH3 Br -River leve,7032284,847790656,33003,NA
33004,33004,Turakina at Otairi -River leve,7028301,509379488,33004,NA
33101,33101,Whangaehu at Kauangaroa -River,7030062,1892461824,33101,NA
33102,33102,Whangaehu at Mangamahu -River,7027412,858254464,33102,NA
33107,33107,Whangaehu at Karioi -River lev,7019389,481146688,33107,NA
33111,33111,Mangawhero at Ore Ore -River l,7021034,510754112,33111,NA
33112,33112,Tokiahuru at Whangaehu Junctio,7019252,221265056,33112,NA
33114,33114,Waitangi at Tangiwai -River l*,7018804,58455000,33114,NA
33115,33115,Mangaetoroa at School -River l,7017737,33650100,33115,NA
33116,33116,Wahianoa at Karioi -River lev*,7016569,14652000,33116,NA
33117,33117,Makotuku at SH49A Br -River le,7015868,24618600,33117,NA
33301,33301,Whanganui at Paetawa -Ratings,7026243,6606213632,33301,NA
33307,33307,Whanganui at Headwaters -Ratin,7007626,81866672,33307,NA
33309,33309,Manganui-o-te-ao at Ashworth *,7014300,338397376,33309,NA
33311,33311,Tangarakau at Tangarakau -Rati,7007554,239720592,33311,NA
33312,33312,Retaruke at Kawautahi -Ratings,7008777,253680320,33312,NA
33313,33313,Ohura at Tokorima -Ratings,7005708,669699328,33313,NA
33316,33316,Ongarue R. at Taringamotu,7004838,1083953152,33316,NA
33324,33324,Mangatepopo at Ketetahi -Ratin,7008779,27929040,33324,NA
33338,33338,Whanganui at Matapuna -Ratings,7005142,943784960,33338,NA
33341,33341,Mangaroa at Ohura Town Br -Ra*,7004287,181777248,33341,NA
33347,33347,Whanganui R. at Te Porere,7008385,27188032,33347,NA
33356,33356,Whanganui at Piriaka -Ratings,7005515,797261888,33356,NA
33387,33387,Tawhitikuri at Intake -River l,7008558,5790600,33387,NA
33388,33388,Mangatepopo at Intake -River l,7008526,31341842,33388,NA
33389,33389,Tauwera at Intake -River level,7008548,3691800,33389,NA
33390,33390,Okupata at Intake -River level,7008546,12033000,33390,NA
33502,33502,Kai Iwi at Handley Rd -River l,6016797,190848112,33502,NA
3419,3419,Waipapa at Intake 6 -Ratings,1005752,20565900,3419,NA
34202,34202,Whenuakura at Nicholson Rd -Ri,6015689,444883520,34202,NA
34305,34305,Patea at McColls -River level,6013787,937613376,34305,NA
34307,34307,Patea at Mangamingi -River lev,6009842,757377472,34307,NA
35,35,Waiohine River at Gorge,9007699,1.80E+08,35,NA
3501,3501,Kerikeri at Aishes -Ratings,1005995,28259100,3501,NA
3506,3506,Maungaparerua at Tyrees Ford -,1006650,11709000,3506,NA
3518,3518,Waiwhakangarongaro at Baxters,1007209,2423700,3518,NA
3525,3525,Waitangi Wetlands at Site 4 -R,1007143,1446300,3525,NA
36,36,Tauherenikau River at Gorge,9008990,1.12E+08,36,NA
36001,36001,Punehu at Pihama -Ratings,6010817,28889100,36001,NA
36003,36003,Mangatawa at McKays -Ratings,6011123,10584000,36003,NA
36015,36015,Mangatawa at Pihama -Ratings,6011123,10584000,36015,NA
37,37,Kopuaranga River at Palmers,9002572,1.00E+08,37,NA
3710,3710,Whangai at Wiroa Rd -Ratings,1007500,2772900,3710,NA
37101,37101,Okahu at Ngariki Rd -Ratings,6007765,12635100,37101,NA
3722,3722,Waitangi at Wakelins -Ratings,1007625,300543232,3722,NA
37503,37503,Kapoaiaia at Lighthouse -Ratin,6006693,19262178,37503,NA
38001,38001,Stony at Okato -Ratings,6005017,46351800,38001,NA
3806,3806,Kawakawa at SHBr -Ratings,1009782,309530912,3806,NA
38401,38401,Timaru at SH45 -Ratings,6004239,27131400,38401,NA
38501,38501,Oakura at Surrey Hill Rd -Rati,6003833,38153700,38501,NA
39201,39201,Waiwhakaiho at SH3 (Egmont Vil,6003978,60530400,39201,NA
39401,39401,Waiongona at Waitara Intake -R,6003219,43682400,39401,NA
39501,39501,Waitara at Tarata -Ratings,6004432,703606208,39501,NA
39504,39504,Manganui at Tariki Rd -River l,6005570,81241200,39504,NA
39506,39506,Motukawa at Tail Race -Ratings,6004999,606600,39506,NA
39508,39508,Manganui at SH3- river level,6006892,13660200,39508,NA
39509,39509,Ngatoro at Bedford Rd -River l,6004989,7868700,39509,NA
39597,39597,Waitara at Purangi Br -River l,6004532,464652576,39597,NA
39801,39801,Onaero at Mataro Rd -River lev,6002219,76126496,39801,NA
4,4,Mazengarb Stream at Scaife Drive,9004419,4500000,4,NA
40,40,Tauweru River at Te Whiti,9009016,0,40,NA
40703,40703,Mangakowhai at Kaingapipi -Ri*,3034677,15466500,40703,NA
40708,40708,Mokau at Totoro Br -River leve,3039792,1054481600,40708,NA
40810,40810,Awakino at Gorge -River level,3041502,227412960,40810,NA
41301,41301,Marokopa at Falls -River level,3028857,92931280,41301,NA
41302,41302,Tawarau at Te Anga -River leve,3029281,120746672,41302,NA
41601,41601,Oteke at Kinohaku -River level,3026287,8759700,41601,NA
42,42,Otukura Stream at Weir,9011962,36200000,42,NA
42505,42505,Waitetuna at SH23 -River level,3018754,86208304,42505,NA
42514,42514,Waitetuna at Te Uku Landing -R,3018315,124436704,42514,NA
42515,42515,Waitetuna at School -River lev,3019007,64451700,42515,NA
42516,42516,Waitetuna at Dairy -River leve,3019358,58679100,42516,NA
42517,42517,Waitetuna at Aramiro -River le,3020052,33043500,42517,NA
42518,42518,Mangakino at Mangakino Rd -Riv,3018742,11759400,42518,NA
43,43,Papawai Stream at U/S Oxi Pond,9009840,0,43,NA
43411,43411,Pokaiwhenua at Forest Products,3028181,60927300,43411,NA
43602,43602,Waitangi at SHBr -Ratings,2009679,18232250,43602,NA
43809,43809,Puhinui at Nescafe -Ratings,2007219,17787710,43809,NA
44,44,Tilsons Creek at Scott Culvert,9009519,0,44,NA
45,45,Parkvale Stream at Renalls Weir,9009215,0,45,NA
45309,45309,Kaipara at Davidsons -River le,2004667,193179008,45309,NA
45346,45346,Waikoukou at Longlands -River,2004400,4921211,45346,NA
45347,45347,Wharauroa at Moffats -River le,2004581,7567042,45347,NA
45501,45501,Makarau at Dosing Strip -River,2002895,50712272,45501,NA
45504,45504,Makarau at Coles -River level,2002939,49163232,45504,NA
45702,45702,Waiwhiu at Dome Shadow -River,2001422,8475426,45702,NA
45903,45903,Topuni at Old North Rd -River,1026468,513000,45903,NA
46609,46609,Mangere at Kara Weir -River le,1018174,12298500,46609,NA
46612,46612,Kaihu at Maropiu -River level,1019880,160788640,46612,NA
46618,46618,Mangakahia at Gorge -River lev,1015928,244237488,46618,NA
46639,46639,Wairau at Lewis Bridge,1016226,528177184,46639,NA
46645,46645,Kokopu at McBeths -River level,1018483,2810700,46645,NA
46648,46648,Wairua at Wairua Falls -Rating,1018572,707566208,46648,NA
46662,46662,Pukewaenga at Conservation -Ra,1017153,446400,46662,NA
46663,46663,Pukeiti at Riddolls -Ratings,1017153,446400,46663,NA
47527,47527,Opahi at Pond -Ratings,1010331,10773900,47527,NA
47706,47706,Parakataio at Te Pua Rd -Rati*,1009215,3681000,47706,NA
47804,47804,Waipapa at Forest Ranger -Rati,1007423,121107600,47804,NA
48015,48015,Mangamuka at Gorge -Ratings,1005874,22582800,48015,NA
5,5,Wharemauku Stream at Coastlands,9004964,7800000,5,NA
52003,52003,Aorere at Devils Boots -Rating,10001004,247646288,52003,NA
52902,52902,Takaka at Harwoods -Ratings,10005729,259072448,52902,NA
52916,52916,Cobb at Trilobite -River level,10007669,46554444,52916,NA
5513,5513,Glenbervie at Quarry -Ratings,1016577,1917900,5513,NA
5515,5515,Glenbervie at Pines -Ratings,1016577,1917900,5515,NA
5516,5516,Glenbervie at Log Br -Ratings,1016577,1917900,5516,NA
5519,5519,Waiarohia at Russell Rd -Ratin,1018237,17369100,5519,NA
56903,56903,Riwaka at Littles -River level,10005858,8290498,56903,NA
57006,57006,Wangapeka at Swingbridge -Rive,10015667,339919200,57006,NA
57009,57009,Motueka at Woodstock -River le,10010534,1757360128,57009,NA
57014,57014,Stanley Brook at Barkers -Rive,10012290,81451552,57014,NA
57016,57016,Long Gully at Meads Rd -River,10019912,2840340.25,57016,NA
57020,57020,Roughns at Weir -River level,10021499,3612600,57020,NA
57021,57021,Graham Ck at Weir -River level,10023036,4005462.75,57021,NA
57022,57022,Hunters at Weir -River level,10023488,5152616,57022,NA
57023,57023,Kikiwa at Weir -River level,10022825,3132962.5,57023,NA
57026,57026,Rocky at Old Kiln -River level,10008203,11203841,57026,NA
57201,57201,Tasman at Hortons Rd -River le,10009235,8861112,57201,NA
57401,57401,Moutere at Catchment 1 -River,10013369,2254254.75,57401,NA
57402,57402,Moutere at Catchment 2 -Rating,10013470,1119891.75,57402,NA
57403,57403,Moutere at Catchment 3 -Rating,10013698,304360.84,57403,NA
57404,57404,Moutere at Catchment 4 -Rating,10013698,304360.84,57404,NA
57405,57405,Moutere at Catchment 5 -Rating,10013698,304360.84,57405,NA
57406,57406,Moutere at Catchment 6 -Rating,10013687,282018.03,57406,NA
57413,57413,Moutere at Catchment 13 -Ratin,10013368,397394.09,57413,NA
57414,57414,Moutere at Catchment 14 -Ratin,10013226,3084624.5,57414,NA
57415,57415,Moutere at Catchment 15 -Ratin,10013401,393858.44,57415,NA
57416,57416,Redwoods Valley at Flume -Rati,10012085,3592661.5,57416,NA
57502,57502,Wairoa at Gorge -Ratings,10014645,456355776,57502,NA
57503,57503,Roding at Weir -Ratings,10013716,40452968,57503,NA
57504,57504,Wai-iti at Brightwater -Rating,10013876,285909184,57504,NA
57505,57505,Sth Pigeon Trib at Bradleys Rd,10014307,1495832.75,57505,NA
57506,57506,Nth Pigeon Trib at Sharpes Rd,10013724,1241031.5,57506,NA
57508,57508,Moutere at Catchment 8 -Rating,10013628,1349083.38,57508,NA
57509,57509,Moutere at Catchment 9 -Rating,10013628,1349083.38,57509,NA
57510,57510,Moutere at Catchment 10 -Ratin,10013875,3309067.5,57510,NA
57512,57512,Moutere at Catchment 12 -Ratin,10013837,1704853.5,57512,NA
57521,57521,Wairoa at Irvines -Ratings,10015053,454343808,57521,NA
57802,57802,Maitai at Smiths Ford -Ratings,10011616,38012088,57802,NA
57804,57804,Maitai at South Branch -River,10012015,16780458,57804,NA
58301,58301,Collins at Drop Structure -Riv,10008409,17753814,58301,NA
58902,58902,Pelorus at Bryants -River leve,11012028,377673792,58902,NA
58903,58903,Rai at Rai Falls -River level,11011511,209031584,58903,NA
59003,59003,Kaituna at Okaramio -River lev,11015193,17786274,59003,NA
5911,5911,Waiwarawara at Wilsons Dam -Ra,1022079,4482000,5911,NA
59201,59201,Kenepuru at Kenepuru Head -Riv,11008672,29801378,59201,NA
6004,6004,Ahuroa at Rowntrees -Ratings,1023752,59151600,6004,NA
60108,60108,Wairau at Tuamarina -River lev,11016543,3416186368,60108,NA
60109,60109,Wairau at Barnetts Bank- river,11016543,3416186368,60109,NA
60114,60114,Wairau at Dip Flat -Ratings,11029639,518043200,60114,NA
60116,60116,Wairau at Hells Gate -Ratings,11032430,188835760,60116,NA
60120,60120,Branch at Weir Intake -Ratings,11024066,551618176,60120,NA
60129,60129,Waihopai at olive grove rating,11022016,738552832,60129,NA
60131,60131,Branch at bull flat ratings,11024066,551618176,60131,NA
60202,60202,Awatere at Jordon -Ratings,11027442,1064870016,60202,NA
62103,62103,Acheron at Clarence -River lev,13008668,972924288,62103,NA
62104,62104,The Ribble at Airstrip -Rating,13009131,21122100,62104,NA
62105,62105,Clarence at Jollies -Ratings,13010715,439773408,62105,NA
62106,62106,Clarence at Glen Alton -Rating,13002228,3143257344,62106,NA
63101,63101,Middle Ck at No 1 SHB -Ratings,13008570,25238700,63101,NA
63501,63501,Rosy Morn at Weir -Ratings,13010740,1810930.62,63501,NA
64301,64301,Conway at Hundalee -Ratings,13014826,465365376,64301,NA
64601,64601,Waiau at Leslie Hills -Ratings,13016907,2078651520,64601,NA
64602,64602,Waiau at Marble Point -Ratings,13015625,2027466240,64602,NA
64606,64606,Waiau at Malings Pass -Ratings,13004591,73628104,64606,NA
64609,64609,Waiau at Mouth -River level,13020035,3328196352,64609,NA
64610,64610,Stanton at Cheddar Valley -Rat,13015628,40586400,64610,NA
65104,65104,Hurunui at Mandamus -Ratings,13020391,1059311040,65104,NA
65105,65105,Hurunui at Jollie Brook -River,13020709,479509248,65105,NA
65108,65108,Hurunui Sth Branch at No 2 Hut,13017914,177486224,65108,NA
65109,65109,S Branch Hurunui at Esk Head -,13021694,304986560,65109,NA
65110,65110,Pahau at Grampians -River leve,13019016,107510416,65110,NA
65901,65901,Waipara at White Gorge -River,13029804,367464512,65901,NA
65904,65904,Waipara at Teviotdale -River l,13031694,716424384,65904,NA
6602,6602,Glen Eden at Hitchings Farm -R,2001552,15304755,6602,NA
66204,66204,Ashley at Gorge -River level,13036019,469387840,66204,NA
66207,66207,Stony Ck at Forbes Rd -River l,13036174,6281100,66207,NA
66208,66208,Stony Ck Sth at Sawbench Rd -R,13035884,2666700,66208,NA
66209,66209,Stony Ck Nth at Stony Ck Rd -R,13035804,2042100,66209,NA
66210,66210,Ashley at Lees Valley -River l,13031330,120446128,66210,NA
66213,66213,Okuku at Fox Ck -River level,13032917,220865344,66213,NA
66214,66214,Ashley at Rangiora Traffic Br,13037840,1125125120,66214,NA
66216,66216,Taranaki Ck at Gressons Rd Cul,13038550,8712900,66216,NA
66401,66401,Waimakariri at Old Highway Bge,13041967,3104887552,66401,NA
66405,66405,Camp Stream at Craigieburn -Ra,13032706,1134000,66405,NA
66407,66407,Southbrook Spring at Schluters,13038816,6167700,66407,NA
66412,66412,Kowai West Branch at Benmore -,13039169,20343600,66412,NA
66413,66413,Kowai at SH73 -Ratings,13039091,34825500,66413,NA
66414,66414,Greigs Drain at Taylors Rd Cul,13042375,1677600,66414,NA
66415,66415,Silverstream at Harpers Rd Cul,13042654,5572800,66415,NA
66417,66417,Cust Main Drain at Threlkelds,13040476,200732352,66417,NA
66419,66419,Bealey at Arthurs Pass -Rating,13025450,15957000,66419,NA
66425,66425,Styx at Radcliffe Rd -Ratings,13044123,18933300,66425,NA
66435,66435,Ohoka Spring at Dalleys Weir -,13040813,51589800,66435,NA
66602,66602,Avon at Gloucester St Br -Rati,13046232,119489376,66602,NA
66604,66604,Hoon Hay Stm at Hoon Hay Weir,13048670,3454200,66604,NA
66629,66629,Sumner Drain at Wiggins St -Ra,13047886,684000,66629,NA
66632,66632,Okeover at Clyde Rd -River lev,13046031,78610504,66632,NA
66901,66901,Pigeon Bay Stream at Fish Trap,13051411,26734890,66901,NA
67001,67001,Opara (Okains) at Friesian Stu,13052190,21768300,67001,NA
67402,67402,Aylmers Stream at Upstream Cou,13056360,2394900,67402,NA
67408,67408,French Farm at French Farm Val,13054535,6651900,67408,NA
67601,67601,Reynolds at Brankins Br -Ratin,13055031,3654000,67601,NA
67602,67602,Huka Huka at lathams Bridge-ra,13053220,11059200,67602,NA
67702,67702,Kaituna at Kaituna Valley Rd -,13053639,39886200,67702,NA
67805,67805,Halswell at Ryans Bge -River l,13050073,240174880,67805,NA
68001,68001,Selwyn at Whitecliffs -River l,13043804,164510976,68001,NA
68002,68002,Selwyn at Coes Ford -River lev,13051729,958458624,68002,NA
68003,68003,Selwyn at Ridgens Rd -River le,13048988,560593728,68003,NA
68320,68320,Doyleston Drain at d/s The Lak,13054170,21001500,68320,NA
68322,68322,Harts Ck at Timber Yard Rd -Ra,13055397,391455136,68322,NA
68502,68502,Rakaia at Gorge -River level,13046130,2580769792,68502,NA
68511,68511,Wilberforce at Woolshed Hill *,13038522,1020894272,68511,NA
68512,68512,Wilberforce at Mt Algidus -Ra*,13037639,1005302336,68512,NA
68515,68515,Ramsay at Lake Ramsay -River l,13038317,32726700,68515,NA
68519,68519,Glenariffe at Old ESG Site -Ra,13039079,64792800,68519,NA
68520,68520,Lake Stream at Swingbridge -Ri,13041833,300070144,68520,NA
68526,68526,Rakaia at Fighting Hill -River,13045745,2555512064,68526,NA
68529,68529,Dry Acheron at Water Race -Riv,13041936,6761700,68529,NA
68530,68530,Rakaia at Cones -Ratings,13039065,38106900,68530,NA
68541,68541,Harper at Cockayne -Ratings,13033305,76056304,68541,NA
68543,68543,Glenariffe at Main Rd Br -Rati,13039079,64792800,68543,NA
68801,68801,Ashburton at SHBr -River level,13058883,1516456320,68801,NA
68805,68805,Sth Ashburton at Valetta -Rat*,13053605,69798592,68805,NA
68806,68806,Sth Ashburton at Mt Somers -Ra,13050823,536137856,68806,NA
68810,68810,Nth Ashburton at Old Weir -Rat,13047890,276158592,68810,NA
68817,68817,Woolshed Ck at Mt Somers -Rati,13051360,36490500,68817,NA
68818,68818,Bowyers Stm at Staveley -Ratin,13049838,23714100,68818,NA
68820,68820,Pudding Hill Stm at SH72 -Riv*,13048978,39168000,68820,NA
68822,68822,Bowyers Stm at SH72 -Ratings,13051517,61253100,68822,NA
69101,69101,Hinds Sth Branch at RDR Syphon,13055601,64659600,69101,NA
6922,6922,Awana at Bush Edge -Ratings,2000372,8031840,6922,NA
69302,69302,Rangitata at Klondyke -Ratings,13054389,1468574208,69302,NA
69506,69506,Orari at Silverton -River leve,13059407,522492480,69506,NA
69508,69508,Ohapi Ck at Brown Rd -River le,13064439,27987300,69508,NA
69513,69513,Coopers Ck at U/S Orari confl*,13063777,73529104,69513,NA
69514,69514,Orari at U/S Ohapi Ck confluen,13064446,713626624,69514,NA
69515,69515,Coopers Ck at SH72 -River leve,13061028,49491000,69515,NA
69601,69601,Temuka at SHBr -Ratings,13064615,596527296,69601,NA
69607,69607,Opihi at No1 SHB -River level,13064793,1744519680,69607,NA
69614,69614,Opuha at Skipton -River level,13062111,457680832,69614,NA
69618,69618,Opihi at Rockwood -River level,13063543,412574944,69618,NA
69619,69619,Sth Opuha at Stoneleigh Rd -Ra,13060331,115386096,69619,NA
69621,69621,Rocky Gully at Rockburn -River,13065489,22797900,69621,NA
69633,69633,Kakahu at Mitchell's Weir No 9,13062064,2806200,69633,NA
69634,69634,Kakahu at Turnbulls Weir No 10,13062396,4908600,69634,NA
69635,69635,Tengawai at Picnic Grounds -Ri,13065220,488225792,69635,NA
69641,69641,Opihi at Waipopo -Ratings,13064842,2374113536,69641,NA
69643,69643,Waihi at Waimarie -Ratings,13060742,39942000,69643,NA
69644,69644,Te Moana at Glentohi -Ratings,13061335,68029200,69644,NA
69645,69645,Kakahu at Mulvihills -Ratings,13062892,43169400,69645,NA
69649,69649,Waihi at DOC Reserve -Ratings,13060741,29821500,69649,NA
69683,69683,Waihi at SH79 Br -Ratings,13062124,91857640,69683,NA
69903,69903,Otipua at Scenic Reserve -Rati,13066011,14166000,69903,NA
7,7,Taupo Stream at Flax Swamp,9009031,8200000,7,NA
70105,70105,Pareora at Huts -Ratings,13066248,426249056,70105,NA
70303,70303,Otaio at Gorge -Ratings,13067076,46744200,70303,NA
70703,70703,Hook at Beach Rd -Ratings,13068187,71820896,70703,NA
70902,70902,Waihao at McCulloughs Br -Rati,13069160,482665440,70902,NA
70906,70906,Wainono Dead Arm at Poingdestr,13068567,1374300,70906,NA
70908,70908,Buchanans Ck at Fletchers -Ri*,13068955,16993800,70908,NA
71102,71102,Otekaieke at Stockbridge -Rati,13523674,80027296,71102,NA
71103,71103,Hakataramea at Above MHBr -Rat,13521044,897088960,71103,NA
71104,71104,Waitaki at Kurow -River level,13520741,9721076736,71104,NA
71105,71105,Awakino at SH83 -Ratings,13520740,68795992,71105,NA
71106,71106,Maerewhenua at Kellys Gully -R,13524490,187072160,71106,NA
71108,71108,Waitaki at Parson's Rock -Rive,13519439,9122781184,71108,NA
71109,71109,Otematata at Pumphouse -Rating,13519504,652766528,71109,NA
71114,71114,Fraser at Ben Ohau -River leve,13511178,75671984,71114,NA
71116,71116,Ahuriri at Sth Diadem -Ratings,13516879,567361088,71116,NA
71117,71117,Twizel at Lake Poaka -River le,13510847,107399696,71117,NA
71118,71118,Quail Burn at QuailBurn Rd -R*,13515416,86901296,71118,NA
71119,71119,Ohau at SHBr -River level,13512437,1409560576,71119,NA
71121,71121,Twizel at SHBr -Ratings,13511847,152919904,71121,NA
71122,71122,Mary Burn at Mt MacDonald -Riv,13508405,48935700,71122,NA
71125,71125,Hooker at Ball Hut Rd Br -Rive,13503195,104483552,71125,NA
71127,71127,Mary Burn at Maryhill -River l,13509370,90837024,71127,NA
71128,71128,Irishman at Windy Ridge -River,13508633,151305280,71128,NA
71129,71129,Forks at Balmoral -River level,13506748,107225088,71129,NA
71134,71134,Pukaki at Wardells -River leve,13510609,1355393024,71134,NA
71135,71135,Jollie at Mt Cook Stn -River l,13504695,140838320,71135,NA
71136,71136,Omarama at Wardells Br -Rating,13517098,298313632,71136,NA
71154,71154,Homestead Ck at Haughs Gorge -,13520055,40292672,71154,NA
71167,71167,Otekaieke at Gorge -River leve,13523657,81032592,71167,NA
71170,71170,Awamoko at Georgetown -Ratings,13523813,115645968,71170,NA
71175,71175,Outlet Ck at Lake Alexandrina,13505989,46880100,71175,NA
71178,71178,Otekaieke at Weir -Ratings,13523657,81032592,71178,NA
71179,71179,Omarama at Tara Hills -Ratings,13517974,185832448,71179,NA
71182,71182,Omarama Swamp at Outlet -Rati*,13518160,143737792,71182,NA
71189,71189,Omarama at Above Tara Hills -R,13517974,185832448,71189,NA
71191,71191,Waikakahi Stream at Old Ferry,13523679,130031888,71191,NA
71194,71194,Ohau at below Syphon -Ratings,13512376,1136017792,71194,NA
71702,71702,Kakanui at Clifton Falls -Riv*,14026079,294302848,71702,NA
72003,72003,Nth Waianakarua -Ratings,14037012,131659136,72003,NA
72004,72004,Waianakarua at D/S Confluence,14037731,258944368,72004,NA
72005,72005,Nth Waianakarua at D/S Weir -R,14037272,132864224,72005,NA
72601,72601,Shag at Dunback Domain -Rating,14044551,387298016,72601,NA
74313,74313,Taieri at Waipiata -River leve,14035378,1834056192,74313,NA
74315,74315,Taieri at McAtamneys -River le,14045675,643656064,74315,NA
74316,74316,Taieri at Paerau -River level,14046197,593745920,74316,NA
74318,74318,Taieri at Canadian Flat -River,14050626,159450208,74318,NA
74338,74338,Sutton Stm at SH87 -Ratings,14052240,151444800,74338,NA
74339,74339,Silverstream at Pumphouse -Ra*,14059058,28113300,74339,NA
74340,74340,Powder Ck at Walking Track -Ra,14058904,9734400,74340,NA
74343,74343,Lee Stm at Road Br -Ratings,14058509,99852336,74343,NA
74344,74344,3 O'clock Stm at Main Site -Ri,14051904,46765800,74344,NA
74346,74346,Loganburn at Paerau -River lev,14047084,148238112,74346,NA
74347,74347,Loganburn at Gorge -Ratings,14047084,148238112,74347,NA
74351,74351,Deep Stm at Totara Rock -Ratin,14055072,101140208,74351,NA
74352,74352,Deep Stm at Rocklands -Ratings,14055140,186811216,74352,NA
74353,74353,Gimmerburn at Rough Ridge -Rat,14032461,23886900,74353,NA
74361,74361,Jura Ck at Jura Rd -River leve,14064503,2392200,74361,NA
74362,74362,Storm Ck at Storm Rd -River le,14064413,1233000,74362,NA
74363,74363,Tussockburn at Old Mine -Ratin,14059275,2474100,74363,NA
74364,74364,Vollweillerburn at Berridale -,14065491,1669500,74364,NA
74365,74365,Anonymous Ck at Mahinerangi -R,14059555,3879000,74365,NA
74366,74366,Eighty Ck at School Rd -River,14058327,4182300,74366,NA
74367,74367,Deep Ck at Muster Huts -Rating,14055559,1845900,74367,NA
74368,74368,Elbow Ck at Muster Huts -River,14055808,922500,74368,NA
74369,74369,Poisonous Ck at Lammermoor Rd,14053492,2599200,74369,NA
74370,74370,Sentinel Ck at Sentinel Rocks,14051688,1566000,74370,NA
74392,74392,Kyeburn at Danseys Pass -Ratin,14023029,9225838,74392,NA
74393,74393,Timber Ck at Danseys Pass -Ra*,14022626,21645382,74393,NA
74394,74394,Kyeburn at Danseys Hotel -Rati,14024359,63045192,74394,NA
74701,74701,Nobles Stm at Bull Ck Rd -Rive,14068558,11448900,74701,NA
75207,75207,Clutha at Balclutha -River lev,14070057,20503570432,75207,NA
75214,75214,Clutha at Lowburn -Ratings,14026689,6112011264,75214,NA
75217,75217,Clutha at Lake Wanaka Outlet -,14012580,2576090112,75217,NA
75218,75218,Lindis at Crossing Br -River l,14020495,1012634368,75218,NA
75223,75223,East Back at E2 -River level,14065050,8807400,75223,NA
75227,75227,West Back at E1 -River level,14065005,24617700,75227,NA
75232,75232,Pomahaka at Burkes Ford -Ratin,14066561,1871242880,75232,NA
75236,75236,Minzionburn at Barclays -Ratin,14056204,48100500,75236,NA
75249,75249,Chatto Ck at Above Borough Rac,14031959,112666496,75249,NA
75251,75251,Manuherikia at D/S Forks -Rati,14015200,172812992,75251,NA
75253,75253,Manuherikia at Ophir -Ratings,14031628,2137030912,75253,NA
75258,75258,Idaburn N Branch at Race -Rive,14021176,13293083,75258,NA
75259,75259,Fraser at Old Man Range -River,14037789,118351936,75259,NA
75260,75260,Fraser at Marshall Rd Br -Rat*,14039213,327241696,75260,NA
75265,75265,Nevis at Wentworth Stn -Rating,14030193,693720576,75265,NA
75272,75272,Arrow at Beetham Ck -Ratings,14025218,205296336,75272,NA
75273,75273,Arrow at Tobins Track -Ratings,14023971,198623728,75273,NA
75276,75276,Shotover at Bowens Peak -River,14026862,1063830848,75276,NA
75278,75278,Shotover at 16 Mile Gorge -Ra*,14013329,168129984,75278,NA
75279,75279,Shotover at Strohlers -River l,14017686,561268736,75279,NA
75287,75287,Hawea at Camphill Br -River le,14011901,1403708032,75287,NA
75290,75290,Cardrona at Albert-town -River,14013360,347129984,75290,NA
75292,75292,Lake Wanaka at Roys Bay -River,14012580,2576090112,75292,NA
75293,75293,Cardrona at Mt Barker-ratings,14015751,293055200,75293,NA
75294,75294,Matukituki at West Wanaka -Riv,14011802,800321152,75294,NA
7602,7602,Wairau at Alma Rd -River level,2004975,12605558,7602,NA
7607,7607,Wairau at Chartwell -River lev,2005045,2666725.5,7607,NA
77518,77518,Mataura at Mataura Island -Rat,15059279,5149195264,77518,NA
77523,77523,Waikaka at Willowbank Br -Rive,15046504,305835808,77523,NA
77526,77526,Wyndham Stm at Glenham Br -Ri*,15058284,417711552,77526,NA
7837,7837,Rangitopuni at Rols -Ratings,2004555,1296900,7837,NA
7840,7840,Rangitopuni at Control -River,2004550,234900,7840,NA
78503,78503,Waihopai at Kennington -River,15059597,159681600,78503,NA
78602,78602,Oreti at McKellar's Flat -Rati,15016693,134107056,78602,NA
78633,78633,Makarewa at Freezing Works Br,15057697,1059759424,78633,NA
79701,79701,Waiau at Tuatapere -Ratings,15052505,8102557184,79701,NA
79703,79703,Waiau at Lake Manapouri -Ratin,15028337,4478706176,79703,NA
79705,79705,Waiau at Above Horseshoe Bend,15024270,3106675968,79705,NA
79708,79708,Waiau at Queens Reach -Ratings,15024270,3106675968,79708,NA
79717,79717,Mararoa at Mt York -Ratings,15028288,1205982080,79717,NA
79730,79730,Waiau at Monowai Powerhouse -R,15037469,6594114560,79730,NA
79731,79731,Waiau at D/S Mararoa -Ratings,15030310,5785925120,79731,NA
79733,79733,Waiau at Whare Ck -River level,15031090,5844334592,79733,NA
79734,79734,Waiau at Excelsior Ck -Ratings,15030537,5786865664,79734,NA
79735,79735,Waiau at Sunnyside -River leve,15038276,6610090496,79735,NA
79736,79736,Mararoa at Above Weir -River l,15029370,1216198912,79736,NA
79740,79740,Spey at West Arm Lake Manapour,15027181,95925600,79740,NA
79750,79750,Morley at Ohai -Ratings,15043345,79111808,79750,NA
8,8,Horokiri Stream at Snodgrass,9009035,28800000,8,NA
8001,8001,Rewarewa at Gardeners Ave -Riv,2006150,1611382.75,8001,NA
802,802,Selwyn Swamp at Big Flat Rd -*,1001912,4367700,802,NA
80201,80201,Rowallan Burn at Old Mill -Rat,15053056,68565600,80201,NA
80901,80901,Wairaurahiri at Lake Hauroko -,15051388,554631040,80901,NA
81301,81301,Waitutu at Lake Poteriteri -Ra,15055512,410737632,81301,NA
8203,8203,Manukau at Somervilles -Rating,2006235,297472.97,8203,NA
8207,8207,Pakuranga at Mooneys Br -Ratin,2006039,2769147,8207,NA
84701,84701,Cleddau at Milford -Ratings,15003654,138948208,84701,NA
85101,85101,Pyke at Lake Wilmot -River lev,15000918,192181632,85101,NA
8604,8604,Orere at Br -River level,2006862,40801380,8604,NA
86301,86301,Arawata at County Br -River le,12054298,909228736,86301,NA
86802,86802,Haast at Roaring Billy -River,12052272,1025602688,86802,NA
87301,87301,Moeraki at Lake Moeraki -River,12048741,96762592,87301,NA
8760,8760,Lake Ohau,13512476,1133866752,8760,13510241
8770,8770,Lake Pukaki,13510553,1353308288,8770,13505349
87801,87801,Makawhio at Rocks -Ratings,12046444,136171776,87801,NA
8790,8790,Lake Tekapo,13507315,1427052928,8790,13503662
89103,89103,Lake Wahapo at Lake -Lake leve,12042022,90945912,89103,NA
89202,89202,Waitangi-Roto at Mid Roto -Rat,12040647,12121200,89202,NA
89301,89301,Whataroa at SHB -Ratings,12042448,451409440,89301,NA
89601,89601,Poerua at Lower Gorge -River l,12039621,156716064,89601,NA
9,9,Porirua Stream at Town Centre,9010499,44800000,9,NA
90101,90101,Waitaha at SHBr -River level,12037649,221672624,90101,NA
90102,90102,Ivory at Ripplerock -Ratings,12039969,2269800,90102,NA
90603,90603,Hokitika at Whitcombe -Ratings,12037477,348261120,90603,NA
90604,90604,Hokitika at Colliers Ck -River,12037477,348261120,90604,NA
90605,90605,Butchers Ck at Lake Kaniere Rd,12034181,4164300,90605,NA
90607,90607,Cropp at Gorge -Ratings,12039075,12344400,90607,NA
90612,90612,Hokitika at Gorge -Ratings,12037213,357029920,90612,NA
91101,91101,Taramakau at Gorge -River leve,12031957,865716288,91101,NA
91103,91103,Taipo at SHBr -Ratings,12033649,183085984,91103,NA
91104,91104,Taramakau at Greenstone Br -Ri,12031529,877228032,91104,NA
9130,9130,Lake Wakatipu,14028892,3040701184,9130,14020119
91401,91401,Grey at Dobson -River level,12028095,3820530944,91401,NA
91403,91403,Grey at New Waipuna -River lev,12025991,642062272,91403,NA
91404,91404,Grey at Waipuna -Ratings,12025991,642062272,91404,NA
91407,91407,Ahaura at Gorge -Ratings,12027541,817290496,91407,NA
91411,91411,Pattinson Ck at Weir Site 1 -R,12020721,1575900,91411,NA
91412,91412,Pattinson Creek at weir site 2,12020721,1575900,91412,NA
91413,91413,Pattinson Ck at Weir Site 3 -R,12020727,1302300,91413,NA
91421,91421,Sams at Mine -River level,12031015,7212600,91421,NA
91423,91423,Granity at Berrys -River level,12024314,7594200,91423,NA
91424,91424,Slaty at Liddells -River level,12023873,15620400,91424,NA
9150,9150,Lake Wanaka,14012639,4670100,9150,14003602
9170,9170,Lake Hawea,14010751,1389902720,9170,14003081
9177,9177,Waitakaruru Trib at Scotsmans,3017886,423000,9177,NA
9228,9228,Waiorongomai at Old Quarry -R*,3013239,8718300,9228,NA
92602,92602,Tiropahi at SHB -Ratings,12016055,42558300,92602,NA
92701,92701,Deep Ck at Upper Lake Outlet -,12015674,1252800,92701,NA
92801,92801,Nile at Below Awakari -Ratings,12015007,113322624,92801,NA
92901,92901,Totara at Gorge -River level,12013844,27332100,92901,NA
93001,93001,Okari at Deep Ford -Ratings,12012103,48962700,93001,NA
93101,93101,Bradshaws at Brunnings Rd Br -,12010321,23484600,93101,NA
93202,93202,Buller at Longford -River leve,12010223,1401421312,93202,NA
93203,93203,Buller at Te Kuha -Ratings,12012479,6305577472,93203,NA
93204,93204,Buller at Berlins -Ratings,12012943,5906702848,93204,NA
93206,93206,Inangahua at Landing -River le,12014608,993491264,93206,NA
93207,93207,Inangahua at Blacks Pt -River,12020364,233407728,93207,NA
93209,93209,Maruia at Falls -Ratings,12013045,983158080,93209,NA
93211,93211,Matakitaki at Mud Lake -River,12012639,878325504,93211,NA
93212,93212,Mangles at Gorge -River level,12011819,284877824,93212,NA
93213,93213,Gowan at Lake Rotoroa -Ratings,12011016,370231040,93213,NA
93214,93214,Matiri at Lake Outlet -Ratings,12008028,141066336,93214,NA
93216,93216,Buller at Lake Rotoiti -River,12010997,193231424,93216,NA
93217,93217,Glenroy at Blicks -River level,12018739,200313808,93217,NA
93231,93231,Devils Ck at McLellans -Rating,12020868,10161000,93231,NA
93235,93235,Rough at Track -Ratings,12026334,5245200,93235,NA
93236,93236,Victoria at West Bank -Ratings,12023801,8618400,93236,NA
93601,93601,Waimangaroa at Conns Flat -Rat,12009271,45779400,93601,NA
93602,93602,Waimangaroa at Smokestack -Rat,12010014,18504900,93602,NA
93901,93901,Ngakawau at Lineslip -Ratings,12007170,188783984,93901,NA
93902,93902,T35 at Mt Stockton -Ratings,12008146,2571300,93902,NA
93903,93903,Charming Ck at Above Mine -Rat,12006800,8189100,93903,NA
93904,93904,Charming Ck at Loggers Flat -R,12007055,27049500,93904,NA
93905,93905,Mangatini at Repo Basin -River,12007466,10669500,93905,NA
93906,93906,Repo at Rock Weir -Ratings,12007436,4941900,93906,NA
94302,94302,Mokihinui at Burkes Ck -Rating,12006374,681493312,94302,NA
94303,94303,Mokihinui at Welcome Bay -Rive,12006282,670180288,94303,NA
95101,95101,Karamea at Arapito -Ratings,12003325,1189501824,95101,NA
95102,95102,Karamea at Gorge -Ratings,12003174,1163352064,95102,NA
9570,9570,Lake Te Anau,15022519,3082281472,9570,15007327
1043482,1043482,Mangatoetoenui at Footbridge -Ratings,3050437,NA,1043482,NA
14621,14621,Kaituna at Te Akau -River level,4006250,NA,14621,NA
1543433,1543433,Tokaanu at Tokaanu Power House -Ratings,3048398,NA,1543433,NA
1543495,1543495,Waikato at Huntly Power Statio,3012542,NA,1543495,NA
1543496,1543496,Uptha Ck at Hillcrest,-1,NA,1543496,NA
2790,2790,Lake Taupo inflow,3043722,NA,2790,3048276
3436871,NA,NA,-1,NA,3436871,NA
3446051,NA,NA,-1,NA,3446051,NA
3446071,NA,NA,-1,NA,3446071,NA
3450001,NA,NA,-1,NA,3450001,NA
3519,3519,Waipapa at Diversion Outlet -Ratings,-1,NA,3519,NA
43419,43419,Waikato at Huntly Railway Br -River level,3012542,NA,43419,NA
46660,46660,Puketurua at Puketitoi -Ratings,1016904,NA,46660,NA
46661,46661,Puketurua at Backwater -Rating,1016904,NA,46661,NA
46692,46692,Pukerua at Lynpenny -Ratings,1017153,NA,46692,NA
4901,4901,Ngunguru at Dugmores Rock -Ratings,1015487,NA,4901,NA
52005,52005,Aorere at Salisbury Br -Ratings,10001766,NA,52005,NA
66612,66612,Heathcote at Buxton Tce -Rating,13047240,NA,66612,NA
68513,68513,Wilberforce at Oakden -River level,13038859,NA,68513,NA
68807,68807,Sth Ashburton Syphon at Sth Ashburton -Ratings,-1,NA,68807,NA
69303,69303,Rangitata Div Race at Montalto Drops -Ratings,-1,NA,69303,NA
69509,69509,Ohapi Ck at Milford Clandyboye Rd -River level,13064285,NA,69509,NA
69684,69684,Dobies Stm at Woolscour -River level,13063356,NA,69684,NA
71148,71148,Aviemore Spawning Race at Below Dam -River level,-1,NA,71148,NA
74342,74342,Big Stm at Mt Allen -River level,14057657,NA,74342,NA
74360,74360,Kintore Ck at Berridale -Ratings,14065491,NA,74360,NA
75250,75250,Manuherikia at Healeys Ck -Ratings,14017389,NA,75250,NA
91422,91422,Camp at Church -River level,12032532,NA,91422,NA
